"Country";"Region";"Hemisphere";"HappinessScore";"HDI";"GDP_PerCapita";"Beer_PerCapita";"Spirit_PerCapita";"Wine_PerCapita";"logwine";"loggdp"
"Denmark";"Western Europe";"north";7,526;928;53,579;224;81;278;2,44404479591808;1,72899460366311
"Switzerland";"Western Europe";"north";7,509;943;79,866;185;100;280;2,44715803134222;1,90236193381986
"Iceland";"Western Europe";"north";7,501;933;60,53;233;61;78;1,89209460269048;1,78197067391255
"Norway";"Western Europe";"north";7,498;951;70,89;169;71;129;2,11058971029925;1,85058497635203
"Finland";"Western Europe";"north";7,413;918;43,433;263;133;97;1,98677173426624;1,63781982794497
"Canada";"North America";"north";7,404;922;42,349;240;122;100;2;1,62684315965824
"Netherlands";"Western Europe";"north";7,339;928;45,638;251;88;190;2,27875360095283;1,65932660401972
"New Zealand";"Australia and New Zealand";"south";7,334;915;40,332;203;79;175;2,24303804868629;1,6056497585171
"Australia";"Australia and New Zealand";"south";7,313;938;49,897;261;72;212;2,32633586092875;1,6980744349498
"Sweden";"Western Europe";"north";7,291;932;51,845;152;60;186;2,26951294421792;1,71470687881347
"Israel";"Middle East and Northern Africa";"north";7,267;902;37,181;63;69;9;0,954242509439325;1,57032106614168
"Austria";"Western Europe";"north";7,119;906;44,731;279;75;191;2,28103336724773;1,65060860730808
"United States";"North America";"north";7,104;922;57,589;249;158;84;1,92427928606188;1,76033953732045
"Costa Rica";"Latin America and Caribbean";"north";7,087;791;11,733;149;87;11;1,04139268515823;1,06940907067179
"Germany";"Western Europe";"north";6,994;934;42,233;346;117;175;2,24303804868629;1,62565193241164
"Brazil";"Latin America and Caribbean";"south";6,952;758;8,639;245;145;16;1,20411998265592;0,936463474004747
"Belgium";"Western Europe";"north";6,929;915;41,261;295;84;212;2,32633586092875;1,61553974930895
"Ireland";"Western Europe";"north";6,907;934;64,1;313;118;165;2,21748394421391;1,80685802951882
"Luxembourg";"Western Europe";"north";6,871;904;100,739;236;133;271;2,43296929087441;2,0031976354572
"Mexico";"Latin America and Caribbean";"north";6,778;772;8,444;238;68;5;0,698970004336019;0,926548224635619
"Singapore";"Southeastern Asia";"north";6,739;930;55,243;60;12;11;1,04139268515823;1,74227725513592
"United Kingdom";"Western Europe";"north";6,725;920;40,412;219;126;195;2,29003461136252;1,60651034431719
"Chile";"Latin America and Caribbean";"south";6,705;842;13,961;130;124;172;2,23552844690755;1,14491652709285
"Panama";"Latin America and Caribbean";"north";6,701;785;14,333;285;104;18;1,25527250510331;1,15633710087081
"Argentina";"Latin America and Caribbean";"south";6,65;822;12,654;193;25;221;2,34439227368511;1,10222783012313
"Czech Republic";"Central and Eastern Europe";"north";6,596;885;18,484;361;170;134;2,12710479836481;1,26679595984667
"United Arab Emirates";"Middle East and Northern Africa";"north";6,573;862;38,518;16;135;5;0,698970004336019;1,58566372882857
"Uruguay";"Latin America and Caribbean";"south";6,545;802;15,298;115;35;220;2,34242268082221;1,18463465658627
"Malta";"Western Europe";"north";6,488;875;24,771;149;100;120;2,07918124604762;1,39394353931557
"Colombia";"Latin America and Caribbean";"north";6,481;747;5,757;159;76;3;0,477121254719662;0,760196229455134
"France";"Western Europe";"north";6,478;899;36,87;127;151;370;2,56820172406699;1,56667313760612
"Thailand";"Southeastern Asia";"north";6,474;748;5,979;99;258;1;0;0,77662855342015
"Qatar";"Middle East and Northern Africa";"north";6,375;855;59,324;1;42;7;0,845098040014257;1,77323042622958
"Spain";"Western Europe";"north";6,361;889;26,617;284;157;112;2,04921802267018;1,4251591045997
"Guatemala";"Latin America and Caribbean";"north";6,324;649;4,141;53;69;2;0,301029995663981;0,617105230502378
"Suriname";"Latin America and Caribbean";"north";6,269;719;5,871;128;178;7;0,845098040014257;0,768712080377664
"Bahrain";"Middle East and Northern Africa";"north";6,218;846;22,561;42;63;7;0,845098040014257;1,35335834552659
"Trinidad and Tobago";"Latin America and Caribbean";"north";6,168;785;16,352;197;156;7;0,845098040014257;1,21357087845462
"Venezuela";"Latin America and Caribbean";"north";6,084;766;15,692;333;100;3;0,477121254719662;1,1956782994575
"Slovakia";"Central and Eastern Europe";"north";6,078;853;16,53;196;293;116;2,06445798922692;1,21827285357145
"El Salvador";"Latin America and Caribbean";"north";6,068;679;3,769;52;69;2;0,301029995663981;0,576226137449605
"Nicaragua";"Latin America and Caribbean";"north";5,992;657;2,144;78;118;1;0;0,331224781020732
"Uzbekistan";"Central and Eastern Europe";"north";5,987;703;2,106;25;101;8;0,903089986991944;0,323458366849468
"Italy";"Western Europe";"north";5,977;878;30,669;85;42;237;2,3747483460101;1,4866996155142
"Ecuador";"Latin America and Caribbean";"north";5,976;749;6,019;162;74;3;0,477121254719662;0,77952434332479
"Belize";"Latin America and Caribbean";"north";5,956;709;4,96;263;114;8;0,903089986991944;0,695481676490197
"Japan";"Eastern Asia";"north";5,921;907;38,972;77;202;16;1,20411998265592;1,59075269387778
"Kazakhstan";"Central and Eastern Europe";"north";5,919;797;7,715;124;246;12;1,07918124604762;0,887335930399167
"Moldova";"Central and Eastern Europe";"north";5,897;697;1,913;109;226;18;1,25527250510331;0,281714970027296
"Russian Federation";"Central and Eastern Europe";"north";5,856;815;8,748;247;326;73;1,86332286012046;0,941908774365599
"Poland";"Central and Eastern Europe";"north";5,835;860;12,415;343;215;56;1,7481880270062;1,09394672389058
"South Korea";"Eastern Asia";"north";5,835;900;27,105;140;16;9;0,954242509439325;1,43304941161661
"Bolivia";"Latin America and Caribbean";"south";5,822;689;3,117;167;41;8;0,903089986991944;0,49373680227684
"Lithuania";"Central and Eastern Europe";"north";5,813;855;14,913;343;244;56;1,7481880270062;1,17356501785866
"Belarus";"Central and Eastern Europe";"north";5,802;805;5,023;142;373;42;1,6232492903979;0,700963178159549
"Slovenia";"Central and Eastern Europe";"north";5,768;894;21,65;270;51;276;2,44090908206522;1,33545790068938
"Peru";"Latin America and Caribbean";"south";5,743;748;6,031;163;160;21;1,32221929473392;0,780389328470953
"Turkmenistan";"Central and Eastern Europe";"north";5,658;705;6,389;19;71;32;1,50514997831991;0,80543288813214
"Mauritius";"Sub-Saharan Africa";"north";5,648;788;9,682;98;31;18;1,25527250510331;0,985965078304871
"Latvia";"Central and Eastern Europe";"north";5,56;844;14,07;281;216;62;1,79239168949825;1,14829409743475
"Cyprus";"Western Europe";"north";5,546;867;23,541;192;154;113;2,05307844348342;1,37182490732889
"Paraguay";"Latin America and Caribbean";"south";5,538;702;4,078;213;117;74;1,86923171973098;0,610447221442121
"Romania";"Central and Eastern Europe";"north";5,528;807;9,532;297;122;167;2,22271647114758;0,979184033674419
"Estonia";"Central and Eastern Europe";"north";5,517;868;17,737;224;194;59;1,77085201164214;1,24888016602429
"Jamaica";"Latin America and Caribbean";"north";5,51;732;4,879;82;97;9;0,954242509439325;0,688330818112266
"Croatia";"Central and Eastern Europe";"north";5,488;828;12,299;230;87;254;2,40483371661994;1,08986980150955
"Turkey";"Middle East and Northern Africa";"north";5,389;787;10,863;51;22;7;0,845098040014257;1,03594977953667
"Jordan";"Middle East and Northern Africa";"north";5,303;735;4,088;6;21;1;0;0,611510887126656
"Azerbaijan";"Central and Eastern Europe";"north";5,291;757;3,881;21;46;5;0,698970004336019;0,588943642740015
"Philippines";"Southeastern Asia";"north";5,279;696;2,951;71;186;1;0;0,46996920949996
"China";"Eastern Asia";"north";5,245;748;8,117;79;192;8;0,903089986991944;0,909395545967106
"Kyrgyzstan";"Central and Eastern Europe";"north";5,185;669;1,22;31;97;6;0,778151250383644;0,0863598306747482
"Serbia";"Central and Eastern Europe";"north";5,177;785;5,426;283;131;127;2,10380372095596;0,734479789425577
"Bosnia and Herzegovina";"Central and Eastern Europe";"north";5,163;766;4,809;76;173;8;0,903089986991944;0,682054777073807
"Montenegro";"Central and Eastern Europe";"north";5,161;810;7,029;31;114;128;2,10720996964787;0,846893543316625
"Dominican Republic";"Latin America and Caribbean";"north";5,155;733;6,794;193;147;9;0,954242509439325;0,832125542534009
"Morocco";"Middle East and Northern Africa";"north";5,151;662;2,893;12;6;10;1;0,461348433647983
"Hungary";"Central and Eastern Europe";"north";5,145;835;12,82;234;215;185;2,26717172840301;1,1078880251828
"Lebanon";"Middle East and Northern Africa";"north";5,129;753;8,257;20;55;31;1,49136169383427;0,916822284595912
"Portugal";"Western Europe";"north";5,123;845;19,872;194;67;339;2,53019969820308;1,29824157849649
"Macedonia";"Central and Eastern Europe";"north";5,121;756;4,834;106;27;86;1,93449845124357;0,684306646071631
"Vietnam";"Southeastern Asia";"north";5,061;689;2,171;111;2;1;0;0,33665982345442
"Tunisia";"Middle East and Northern Africa";"north";5,045;732;3,689;51;3;20;1,30102999566398;0,566908655226803
"Greece";"Western Europe";"north";5,033;868;17,882;133;112;218;2,3384564936046;1,25241609054427
"Mongolia";"Eastern Asia";"north";4,907;743;3,694;77;189;8;0,903089986991944;0,567496891104223
"Nigeria";"Sub-Saharan Africa";"north";4,875;530;2,176;42;5;2;0,301029995663981;0,337658891026142
"Honduras";"Latin America and Caribbean";"north";4,871;614;2,375;69;98;2;0,301029995663981;0,375663613960885
"Zambia";"Sub-Saharan Africa";"south";4,795;586;1,263;32;19;4;0,602059991327962;0,101403350555331
"Albania";"Central and Eastern Europe";"north";4,655;782;4,132;89;132;54;1,73239375982297;0,616160312847583
"Sierra Leone";"Sub-Saharan Africa";"north";4,635;413;0,481;25;3;2;0,301029995663981;-0,317854923626168
"Namibia";"Sub-Saharan Africa";"south";4,574;645;4,561;376;3;1;0;0,659060072240938
"Cameroon";"Sub-Saharan Africa";"south";4,513;553;1,375;147;1;4;0,602059991327962;0,138302698166281
"South Africa";"Sub-Saharan Africa";"south";4,459;696;5,28;225;76;81;1,90848501887865;0,722633922533812
"Egypt";"Middle East and Northern Africa";"north";4,362;694;3,548;6;4;1;0;0,549983611159689
"Armenia";"Central and Eastern Europe";"north";4,36;749;3,606;21;179;11;1,04139268515823;0,557025722386383
"Kenya";"Sub-Saharan Africa";"south";4,356;585;1,463;58;22;2;0,301029995663981;0,165244326125311
"Ukraine";"Central and Eastern Europe";"north";4,324;746;2,186;206;237;45;1,65321251377534;0,339650157613684
"Ghana";"Sub-Saharan Africa";"north";4,276;588;1,517;31;3;10;1;0,18098558078673
"Dem. Rep. Congo";"Sub-Saharan Africa";"south";4,272;452;1,712;32;3;1;0;0,233503760341134
"Georgia";"Central and Eastern Europe";"north";4,252;776;3,866;52;100;149;2,17318626841227;0,587261849692534
"Rep. Congo";"Sub-Saharan Africa";"south";4,236;612;0,498;76;1;9;0,954242509439325;-0,302770657240282
"Senegal";"Sub-Saharan Africa";"north";4,219;499;0,953;9;1;7;0,845098040014257;-0,0209070993616736
"Bulgaria";"Central and Eastern Europe";"north";4,217;810;7,469;231;252;94;1,9731278535997;0,873262459438727
"Zimbabwe";"Sub-Saharan Africa";"south";4,193;532;1,029;64;18;4;0,602059991327962;0,0124153747624329
"Malawi";"Sub-Saharan Africa";"south";4,156;474;0,3;8;11;1;0;-0,522878745280338
"Gabon";"Sub-Saharan Africa";"south";4,121;698;7,079;347;98;59;1,77085201164214;0,84997191232885
"Mali";"Sub-Saharan Africa";"north";4,073;421;0,78;5;1;1;0;-0,10790539730952
"Haiti";"Latin America and Caribbean";"north";4,028;496;0,735;1;326;1;0;-0,133712660915805
"Botswana";"Sub-Saharan Africa";"south";3,974;712;6,954;173;35;35;1,54406804435028;0,84223468634724
"Comoros";"Sub-Saharan Africa";"south";3,956;502;0,775;1;3;1;0;-0,11069829749369
"Cote d'Ivoire";"Sub-Saharan Africa";"north";3,916;486;1,535;37;1;7;0,845098040014257;0,186108379813205
"Cambodia";"Southeastern Asia";"north";3,907;576;1,27;57;65;1;0;0,103803720955957
"Angola";"Sub-Saharan Africa";"south";3,866;577;3,309;217;57;45;1,65321251377534;0,519696767159853
"Niger";"Sub-Saharan Africa";"north";3,856;351;0,368;3;2;1;0;-0,434152181326482
"Chad";"Sub-Saharan Africa";"north";3,763;405;0,651;15;1;1;0;-0,186419011431808
"Burkina Faso";"Sub-Saharan Africa";"north";3,739;420;0,614;25;7;7;0,845098040014257;-0,211831628858832
"Madagascar";"Sub-Saharan Africa";"south";3,695;517;0,402;26;15;4;0,602059991327962;-0,39577394691553
"Tanzania";"Sub-Saharan Africa";"south";3,666;533;0,878;36;6;1;0;-0,0565054840938974
"Liberia";"Sub-Saharan Africa";"north";3,622;432;0,455;19;152;2;0,301029995663981;-0,341988603342888
"Benin";"Sub-Saharan Africa";"north";3,484;512;0,789;34;4;13;1,11394335230684;-0,10292299679058
"Togo";"Sub-Saharan Africa";"north";3,303;500;0,577;36;2;19;1,27875360095283;-0,238824186844269
"Syria";"Middle East and Northern Africa";"north";3,069;536;2,058;5;35;16;1,20411998265592;0,313445370426414
